{"has_child":1,"home_url":"http:\/\/localhost:10003","root_flag":"custom","php_version":"8.2.23","mysql_version":"8.0.16","wp_version":"6.7.1","child_file":{"localhost_wpvivid-4939e9325a116_2024-12-14-11-46_backup_themes.zip":{"file_type":"themes","root_flag":"wp-content","php_version":"8.2.23","mysql_version":"8.0.16","wp_version":"6.7.1","themes":{"twentytwentyfive":{"slug":"twentytwentyfive"},"twentytwentyfour":{"slug":"twentytwentyfour"},"twentytwentythree":{"slug":"twentytwentythree"}},"file":"localhost_wpvivid-4939e9325a116_2024-12-14-11-46_backup_themes.part001.zip"},"localhost_wpvivid-4939e9325a116_2024-12-14-11-46_backup_plugin.zip":{"file_type":"plugin","root_flag":"wp-content","php_version":"8.2.23","mysql_version":"8.0.16","wp_version":"6.7.1","plugin":{"3d-multi-viewer-plugin":{"slug":"3d-multi-viewer-plugin"}},"file":"localhost_wpvivid-4939e9325a116_2024-12-14-11-46_backup_plugin.part001.zip"},"localhost_wpvivid-4939e9325a116_2024-12-14-11-46_backup_uploads.zip":{"file_type":"upload","root_flag":"wp-content","php_version":"8.2.23","mysql_version":"8.0.16","wp_version":"6.7.1","file":"localhost_wpvivid-4939e9325a116_2024-12-14-11-46_backup_uploads.part001.zip"},"localhost_wpvivid-4939e9325a116_2024-12-14-11-46_backup_content.zip":{"file_type":"wp-content","root_flag":"wp-content","php_version":"8.2.23","mysql_version":"8.0.16","wp_version":"6.7.1","file":"localhost_wpvivid-4939e9325a116_2024-12-14-11-46_backup_content.part001.zip"},"localhost_wpvivid-4939e9325a116_2024-12-14-11-46_backup_core.zip":{"file_type":"wp-core","include_path":["wp-includes","wp-admin"],"wp_core":1,"root_flag":"root","home_url":"http:\/\/localhost:10003","file":"localhost_wpvivid-4939e9325a116_2024-12-14-11-46_backup_core.part001.zip"}},"file":"localhost_wpvivid-4939e9325a116_2024-12-14-11-46_backup_all.part001.zip"}